crop,nitrogen,phosphorus,potassium,temperature,humidity,soil_ph,rainfall
maize,77.76,48.44,19.79,22.3892,65.09225,6.24519,84.66799
chickpea,40.09,67.79,77.92,18.872,16.86,7.336957,80.05898
kidneybeans,20.07,67.54,20.05,20.11508,21.605,5.74948,105.9198
pigeoneas,20.73,67.73,20.29,27.74135,48.0616,5.79415,149.4576
mothbeans,21.44,48.01,20.28,28.19492,53.16042,6.831174,51.19849
